node_id,name,jurisdiction,jurisdiction_description,country_codes,countries
10000001,TIANSHENG INDUSTRY AND TRADING CO. LTD.,SAM,Samoa,HKG,Hong Kong
10000002,NINGBO SUNRISE ENTERPRISES UNITED CO. LTD.,SAM,Samoa,HKG,Hong Kong
10000003,HOTFOCUS CO. LTD.,SAM,Samoa,HKG,Hong Kong
10000004,SKY-BLUE GIFTS & TOYS CO. LTD.,SAM,Samoa,HKG,Hong Kong
10000005,FORTUNEMAKER INVESTMENTS CORPORATION,SAM,Samoa,HKG,Hong Kong
10000006,8808 HOLDING LIMITED,SAM,Samoa,HKG,Hong Kong
10000007,KENT DEVELOPMENT LIMITED,SAM,Samoa,HKG,Hong Kong
10000008,BONUS TRADE LIMITED,SAM,Samoa,HKG,Hong Kong
10000009,AMARANDAN LTD.,SAM,Samoa,HKG,Hong Kong
10000010,NEW IDEA LIMITED,SAM,Samoa,HKG,Hong Kong
10000011,HUGH POWER LIMITED,SAM,Samoa,HKG,Hong Kong
10000012,ULTIMATE GROUP LIMITED,SAM,Samoa,HKG,Hong Kong
10000013,VICTORY GROUP LIMITED,SAM,Samoa,TWN,Taiwan
10000014,CHARTER MARK LIMITED,SAM,Samoa,CHN,China
10000015,Wide International Trading Co. Ltd.,SAM,Samoa,HKG,Hong Kong
10000019,HTSS ET CAPITAL LIMITED,SAM,Samoa,HKG,Hong Kong
10000020,JIE LUN INVESTMENT LIMITED,SAM,Samoa,HKG,Hong Kong
10000021,FORTUNE PALACE LIMITED,SAM,Samoa,CHN,China
10000024,LAKE STREET INVESTMENTS LTD.,SAM,Samoa,CHE,Switzerland
10000016,NINGBO RAPID INTERNATIONAL TRADING CO. LTD.,SAM,Samoa,HKG,Hong Kong
10000017,ANGELIKA INTERNATIONAL LTD.,SAM,Samoa,SGP,Singapore
10000018,CHEM D-T Corp.,SAM,Samoa,TWN,Taiwan
10000022,PRESTIGE INTERNATIONAL CORP.,SAM,Samoa,TWN,Taiwan
10000023,SUNNY TREASURE INTERNATIONAL LIMITED,SAM,Samoa,TWN,Taiwan
10000025,GIT CO INC.,SAM,Samoa,CHE,Switzerland
10000026,EURO INVESTMENT CAPITAL INC.,SAM,Samoa,CHE,Switzerland
10000027,WORLD TOOLS INVESTMENTS CORP.,SAM,Samoa,BRA,Brazil
10000028,WINESELECTION S.A.,SAM,Samoa,CHE,Switzerland
10000029,NECY CONSULTANTS LIMITED,SAM,Samoa,HKG,Hong Kong
10000030,KIND INTERNATIONAL INC.,SAM,Samoa,TWN,Taiwan
10000031,Aegis Infocom Inc.,SAM,Samoa,TWN,Taiwan
10000032,TOPLINE INVESTMENTS LIMITED,SAM,Samoa,SGP,Singapore
10000033,CLARKSBURG MANAGEMENT LTD.,SAM,Samoa,PAN,Panama
10000034,Alvear Investments Limited,SAM,Samoa,WSM,Samoa
10000035,CARPENTER NELSON & CO. LTD.,SAM,Samoa,CHE,Switzerland
10000036,RIVIERA HOLDINGS LIMITED,SAM,Samoa,CHE,Switzerland
10000037,PARKDALE HOLDINGS LTD.,SAM,Samoa,PAN,Panama
10000038,SADDLEVILLE CORPORATION,SAM,Samoa,PAN,Panama
10000059,TETRA INTERNATIONAL LTD.,SAM,Samoa,CHE,Switzerland
10000039,BELLEVUE INTERNATIONAL (FRANCE) CO. LTD.,SAM,Samoa,HKG,Hong Kong
10000040,MEIHO INTERNATIONAL CO. LTD.,SAM,Samoa,HKG,Hong Kong
10000041,LONSDALE LIMITED,SAM,Samoa,LIE,Liechtenstein
10000042,GARIBALDI S.A.,SAM,Samoa,CHE,Switzerland
10000043,DAFORD INTERNATIONAL CORP.,SAM,Samoa,CHE,Switzerland
10000044,GOLDEN NET INTERNATIONAL LIMITED,SAM,Samoa,HKG,Hong Kong
10000045,EXCELLENCE GROUP LTD.,SAM,Samoa,TWN,Taiwan
10000046,D&C SUZHOU INTERNATIONAL LTD.,SAM,Samoa,HKG,Hong Kong
10000047,CORAL SEA GROUP LTD.,SAM,Samoa,HKG,Hong Kong
10000048,DELTORIA TRADING LTD.,SAM,Samoa,HKG,Hong Kong
10000049,AMPLE YIELD INTERNATIONAL LIMITED,SAM,Samoa,HKG,Hong Kong
10000050,UNIVERSAL RESOURCES LIMITED,SAM,Samoa,SGP,Singapore
10000051,NEXXGEN SOURCING LTD.,SAM,Samoa,HKG,Hong Kong
10000052,ATEX INTERNATIONAL CO. LTD.,SAM,Samoa,HKG,Hong Kong
10000053,Chu's Enterprise Co. Ltd.,SAM,Samoa,HKG,Hong Kong
10000054,INTEGRATED SERVICES FOR ENTERPRISES - I.S.E. LTD.,SAM,Samoa,CHE,Switzerland
10000055,SEG MECHANICAL LTD.,SAM,Samoa,CHE,Switzerland
10000056,SUCCESSFUL CENTURY CO. LTD.,SAM,Samoa,TWN,Taiwan
10000057,NEMESIS TRADING LTD.,SAM,Samoa,ESP,Spain
10000058,ANGLO EUROPEAN INVESTMENTS LTD.,SAM,Samoa,CHE,Switzerland
10000060,World Entertainment Phuket Ltd.,SAM,Samoa,THA,Thailand
10000061,RED ROSE INC.,SAM,Samoa,COL,Colombia
10000062,CADELL INVESTMENTS LIMITED,SAM,Samoa,JEY,Jersey
10000063,SEACLIFF INVESTMENTS LIMITED,SAM,Samoa,PAN,Panama
10000064,HF CAPITAL RISK INC.,SAM,Samoa,AND,Andorra
10000065,ADVANTAGE DUTY-FREE INC.,SAM,Samoa,CHE,Switzerland
10000066,PROTON S.A.,SAM,Samoa,CHE,Switzerland
10000067,IDEAL EXPERT LIMITED,SAM,Samoa,TWN,Taiwan
10000068,PROFIT VIEW LIMITED,SAM,Samoa,TWN,Taiwan
10000069,CHEM N-T Corp.,SAM,Samoa,TWN,Taiwan
10000070,Advanced Vision Design International Ltd.,SAM,Samoa,TWN,Taiwan
10000071,Wish Glide International Co. Ltd.,SAM,Samoa,TWN,Taiwan
10000072,WEALTHY OCEAN LIMITED,SAM,Samoa,CHN,China
10000073,FOREVER FAITH FINANCE LTD.,SAM,Samoa,SYC,Seychelles
10000074,YELLOW SUN LTD.,SAM,Samoa,HKG,Hong Kong
10000075,CIEL S.A.,SAM,Samoa,CHE,Switzerland
10000076,OAG International Ltd.,SAM,Samoa,SGP,Singapore
10000077,GEMTEX LIMITED,SAM,Samoa,CHN,China
10000078,GOLDENFULL ENTERPRISE LTD.,SAM,Samoa,TWN,Taiwan
10000079,FIRST NATIONAL ASSETS MANAGEMENT LTD.,SAM,Samoa,CHE,Switzerland
10000080,MEDIOLANUM CAPITAL INC.,SAM,Samoa,CHE,Switzerland
10000081,LIBERTY CAPITAL INC.,SAM,Samoa,CHE,Switzerland
10000082,Coral Palms Holdings Ltd.,SAM,Samoa,THA,Thailand
10000083,Island Dawn Holdings Ltd.,SAM,Samoa,THA,Thailand
10000084,CLARE WORLDWIDE LTD.,SAM,Samoa,CHE,Switzerland
10000085,SELENE LTD.,SAM,Samoa,CHE,Switzerland
10000086,NARTUK LTD.,SAM,Samoa,CHE,Switzerland
10000087,GOODRICH INT'L CO. LTD,SAM,Samoa,HKG,Hong Kong
10000088,MAXPRO UT WORLD PTY. LTD.,SAM,Samoa,HKG,Hong Kong
10000089,SYREN LIMITED,SAM,Samoa,CHE,Switzerland
10000090,WINGATE ENTERPRISES LIMITED,SAM,Samoa,JEY,Jersey
10000091,IEP S.A.,SAM,Samoa,AND,Andorra
10000092,MAISIE LIMITED,SAM,Samoa,IRL,Ireland
10000093,CUNNINGSHILL LTD.,SAM,Samoa,ESP,Spain
10000094,RAN YU INVESTMENT CO. LTD.,SAM,Samoa,HKG,Hong Kong
10000095,BEACON OF CREATION INTERNATIONAL CO. LTD.,SAM,Samoa,HKG,Hong Kong
10000096,CASPAR INTERNATIONAL CO. LTD.,SAM,Samoa,BEL,Belgium
10000098,PROPERTY DEVELOPMENT FINANCE INC.,SAM,Samoa,ISR,Israel
10000099,MOROCCAN PROPERTIES LTD.,SAM,Samoa,GIB,Gibraltar
10000100,CORPORATE CONSULTING SERVICES LTD.,SAM,Samoa,CHE,Switzerland
10000101,HIGH INVESTMENT LTD.,SAM,Samoa,TWN,Taiwan
10000097,DYNASTY HOLDINGS LTD.,SAM,Samoa,HKG,Hong Kong
10000102,LEXION GROUP LTD.,SAM,Samoa,TWN,Taiwan
10000103,JOTA ENGINEERING LTD.,SAM,Samoa,CHE,Switzerland
10000104,REGAL ADVISORS LTD.,SAM,Samoa,CHE,Switzerland
10000105,KENDON REAL ESTATE LIMITED,SAM,Samoa,CHE,Switzerland
10000106,Oxford Minds Limited,SAM,Samoa,HKG,Hong Kong
10000107,FortuneHubs Limited,SAM,Samoa,HKG,Hong Kong
10000108,ENCHANTE S.A.,SAM,Samoa,GGY,Guernsey
10000109,INTERNATIONAL RACE PUBLICITY LTD.,SAM,Samoa,AND,Andorra
10000110,BENDER FINANZ AG,SAM,Samoa,CHE,Switzerland
10000111,OPTIMA INVESTMENTS LTD.,SAM,Samoa,ARE,United Arab Emirates
10000112,FARRAMENDOS LTD.,SAM,Samoa,PAN,Panama
10000113,GLARROLANDS LTD.,SAM,Samoa,PAN,Panama
10000114,WONDERFUL WORLD ENTERPRISES LIMITED,SAM,Samoa,CHN,China
10000115,GRANDRICH INTERNATIONAL LIMITED,SAM,Samoa,HKG,Hong Kong
10000116,FUTURE FINANCE LIMITED,SAM,Samoa,HKG,Hong Kong
10000117,MAGIC LEISURE CORP. LTD.,SAM,Samoa,HKG,Hong Kong
10000118,U HOLY CORP.,SAM,Samoa,TWN,Taiwan
10000119,PORTVILLE LIMITED,SAM,Samoa,IRL,Ireland
10000120,WESTBURY INVESTMENTS LIMITED,SAM,Samoa,CYP,Cyprus
10000121,VADIN SERVICES S.A.,SAM,Samoa,VEN,Venezuela
10000122,NNC INTERNATIONAL LIMITED,SAM,Samoa,HKG,Hong Kong
10000123,Sunshine Sourcing Ltd.,SAM,Samoa,HKG,Hong Kong
10000124,EBERHART FINANZ AG,SAM,Samoa,CHE,Switzerland
10000125,RED GREEN FINANCE LTD.,SAM,Samoa,CHE,Switzerland
10000126,VICTORY SERVICE LTD.,SAM,Samoa,COL,Colombia
10000127,BEST IDEA GROUP LTD.,SAM,Samoa,COL,Colombia
10000128,JAY OCEAN FINANCE LTD.,SAM,Samoa,HKG,Hong Kong
10000129,GAZEL LIMITED,SAM,Samoa,PAN,Panama
10000130,FINE ARTS RESOURCES LTD.,SAM,Samoa,CHE,Switzerland
10000131,PHEONIX GROUP LTD.,SAM,Samoa,CHE,Switzerland
10000132,MILE OAK LIMITED,SAM,Samoa,IMN,Isle of Man
10000133,SANWIN INTERNATIONAL CORP.,SAM,Samoa,TWN,Taiwan
10000134,TEAMFAIR INVESTMENTS LIMITED,SAM,Samoa,HKG,Hong Kong
10000135,BRIGHT SKY LIMITED,SAM,Samoa,HKG,Hong Kong
10000136,STAYBOND LIMITED,SAM,Samoa,HKG,Hong Kong
10000137,SAFC Automotive Corporation,SAM,Samoa,HKG,Hong Kong
10000139,ALLKIND INVESTMENT LIMITED,SAM,Samoa,CHE,Switzerland
10000142,UNIVERSE FINANCE LTD.,SAM,Samoa,TWN,Taiwan
10000143,BLUESKY GROUP LTD.,SAM,Samoa,TWN,Taiwan
10000138,TRANSLATION SERVICES LIMITED,SAM,Samoa,HKG,Hong Kong
10000140,JOYCE GAIN INVESTMENTS LIMITED,SAM,Samoa,HKG,Hong Kong
10000141,Oceanland International Co. Ltd.,SAM,Samoa,HKG,Hong Kong
10000144,SPRING PINE LIMITED,SAM,Samoa,IMN,Isle of Man
10000145,COSMETIC HOLDING GROUP LTD.,SAM,Samoa,CHE,Switzerland
10000146,EAST POINT GROUP LTD.,SAM,Samoa,TWN,Taiwan
10000147,PILMAN EQUITIES S.A.,SAM,Samoa,ARE,United Arab Emirates
10000148,GRANDEUR HOLDINGS LIMITED,SAM,Samoa,ARE,United Arab Emirates
10000149,Archaeobacteria Limited,SAM,Samoa,HKG,Hong Kong
10000150,SENATOR INVESTMENTS LTD.,SAM,Samoa,LBN,Lebanon
10000151,POPPLEWELL LIMITED,SAM,Samoa,IMN,Isle of Man
10000152,FORTUNE LTD.,SAM,Samoa,HKG,Hong Kong
10000153,SUNWAY INT'L (SAMOA) LTD.,SAM,Samoa,TWN,Taiwan
10000154,WESTLEIGH ENTERPRISES INC.,PMA,Panama,JEY,Jersey
10000155,GROSVENOR FINANCE WORLDWIDE S.A.,PMA,Panama,CHE,Switzerland
10000156,RED DRAGON LIMITED,SAM,Samoa,TWN,Taiwan
10000157,GRAND FORTUNE LIMITED,SAM,Samoa,TWN,Taiwan
10000158,Arabian Trading Company Ltd.,SAM,Samoa,PAN,Panama
10000159,PACIFIC HORIZON HOLDINGS INC.,SAM,Samoa,PAN,Panama
10000160,MACERA HOLDINGS INC.,PMA,Panama,DNK,Denmark
10000161,JAE HOLDINGS INC.,PMA,Panama,ESP,Spain
10000162,Culdia Co. Ltd.,SAM,Samoa,TWN,Taiwan
10000163,SUPERB GROUP LIMITED,SAM,Samoa,TWN,Taiwan
10000164,GALILEO INVESTMENT LIMITED,SAM,Samoa,HKG,Hong Kong
10000165,ROMAKI INVESTMENTS LTD.,SAM,Samoa,CHE,Switzerland
10000166,GUISBOROUGH PROPERTIES INC.,PMA,Panama,ESP,Spain
10000167,BOROUGHBRIDGE INC.,PMA,Panama,ESP,Spain
10000168,OCEAN VIEW INTERNATIONAL INC.,SAM,Samoa,CHN,China
10000169,LAKEVIEW COMPANY INC.,SAM,Samoa,GIB,Gibraltar
10000170,SOLOMON TECHNOLOGY CO. LTD.,SAM,Samoa,TWN,Taiwan
10000171,CHINA INTERNATIONAL LTD.,SAM,Samoa,HKG,Hong Kong
10000172,FAR WAY LIMITED,SAM,Samoa,HKG,Hong Kong
10000173,TOWNSIDE LIMITED,SAM,Samoa,PAN,Panama
10000174,HILLCREST GROUP LTD.,SAM,Samoa,HKG,Hong Kong
10000175,EXCELLENT ASIA TECHNOLOGIES LIMITED,SAM,Samoa,TWN,Taiwan
10000176,ASIAN POWER TRADE LIMITED,SAM,Samoa,HKG,Hong Kong
10000177,GOLDEN YEAR INTERNATIONAL LTD.,SAM,Samoa,TWN,Taiwan
10000178,WATCHES S.A.,SAM,Samoa,URY,Uruguay
10000179,BEVINGTON INVESTMENT INC.,SAM,Samoa,PAN,Panama
10000180,ELDRIDGE MANAGEMENT CORP.,SAM,Samoa,PAN,Panama
10000181,SELLERS UNION CO. LTD.,SAM,Samoa,HKG,Hong Kong
10000182,SUNJOY INTERNATIONAL LIMITED,SAM,Samoa,HKG,Hong Kong
10000183,MONDALE SERVICES S.A.,SAM,Samoa,PAN,Panama
10000184,BUENAS LTD.,SAM,Samoa,PAN,Panama
10000185,Sunshine Biological Pharmacy Co. Ltd.,SAM,Samoa,HKG,Hong Kong
10000186,SEAWAYS FINE ART LTD.,SAM,Samoa,CHE,Switzerland
10000187,NEWALD DEVELOPMENT CORP.,SAM,Samoa,PAN,Panama
10000188,BEST LEAP INVESTMENTS LIMITED,SAM,Samoa,GGY,Guernsey
10000189,Dalian HONGJI Shipbuilding Technology Development Co. Ltd.,SAM,Samoa,HKG,Hong Kong
10000190,kinghall Investment Co. LTD.,SAM,Samoa,HKG,Hong Kong
10000191,WANGER LIMITED,SAM,Samoa,PAN,Panama
10000192,FALBERT LIMITED,SAM,Samoa,PAN,Panama
10000193,Strait Cultural Exchange Association Limited,SAM,Samoa,HKG,Hong Kong
10000194,WITZE CO. LTD,SAM,Samoa,HKG,Hong Kong
10000195,VIEWSIDE INTERNATIONAL S.A.,SAM,Samoa,PAN,Panama
10000196,CHEKIANG LIMITED,SAM,Samoa,PAN,Panama
10000197,DYNAMIC OCEAN LIMITED,SAM,Samoa,PAN,Panama
10000199,GAIN LUCK LIMITED,SAM,Samoa,PAN,Panama
10000200,MIRACLE FAITH LIMITED,SAM,Samoa,PAN,Panama
10000201,ALEXANDER A.G.,SAM,Samoa,CHE,Switzerland
10000198,Barrow Point International Limited,SAM,Samoa,WSM,Samoa
10000202,PILLOW LIMITED,SAM,Samoa,CHE,Switzerland
10000203,CRYSTAL CONSULTANTS INTERNATIONAL INC.,PMA,Panama,PAN,Panama
10000204,AMBER CORPORATION,SAM,Samoa,PAN,Panama
10000205,GOLDCREST DEVELOPMENT LIMITED,SAM,Samoa,PAN,Panama
10000206,Fusheng International Trading Co. Ltd.,SAM,Samoa,HKG,Hong Kong
10000207,KZF Investment Limited,SAM,Samoa,HKG,Hong Kong
10000208,RADIANT MANAGEMENT INC.,SAM,Samoa,PAN,Panama
10000209,LIONMASTER LTD.,SAM,Samoa,PAN,Panama
10000210,HOMEWAY CORP.,SAM,Samoa,HKG,Hong Kong
10000211,GAIN GROUND LIMITED,SAM,Samoa,HKG,Hong Kong
10000212,BABINGTON FINANCE INC.,PMA,Panama,JOR,Jordan
10000213,TERZA MANAGEMENT INC.,PMA,Panama,PAN,Panama
10000214,WIDE BALL INTERNATIONAL LIMITED,SAM,Samoa,HKG,Hong Kong
10000215,Hetai International Investment Ltd.,SAM,Samoa,HKG,Hong Kong
10000216,HARDWICKES FINANCIAL S.A.,PMA,Panama,JOR,Jordan
10000217,EXCLUSIVE PUBLISHING CORPORATION S.A.,PMA,Panama,JOR,Jordan
10000218,WEALTH BONE DEVELOPMENT LTD.,SAM,Samoa,HKG,Hong Kong
10000219,PERFUMES INTERNACIONALES CO. LTD.,SAM,Samoa,ESP,Spain
10000220,GILANDER INTERNATIONAL LIMITED,SAM,Samoa,TWN,Taiwan
10000221,SAFFRON INVESTMENTS LIMITED,SAM,Samoa,BHS,Bahamas
10000222,TIGERIN LIMITED,SAM,Samoa,HKG,Hong Kong
10000223,STAROIL LTD.,SAM,Samoa,CHE,Switzerland
10000224,REN TRADE LTD.,SAM,Samoa,WSM,Samoa
10000225,UNIONVIEW INVESTMENTS LIMITED,SAM,Samoa,HKG,Hong Kong
10000226,JADE POWER LIMITED,SAM,Samoa,HKG,Hong Kong
10000227,SILVERWING PROPERTIES S.A.,SAM,Samoa,GBR,United Kingdom
10000228,BABA COMMUNICATIONS LTD.,SAM,Samoa,,
10000229,FIRST EURO CORP.,SAM,Samoa,CHE,Switzerland
10000230,BLUE CREST CORPORATION,SAM,Samoa,BLZ,Belize
10000231,C.S Trading Co. Ltd.,SAM,Samoa,HKG,Hong Kong
10000232,GOLDMAX DEVELOPMENT LTD.,SAM,Samoa,HKG,Hong Kong
10000233,RICH ASIAN GROUP LTD.,SAM,Samoa,PAN,Panama
10000234,TOP ENTERPRISES LIMITED,SAM,Samoa,HKG,Hong Kong
10000235,WINS TOP ENTERPRISES LIMITED,SAM,Samoa,HKG,Hong Kong
10000236,DELIGHT VIEW INTERNATIONAL LTD.,SAM,Samoa,HKG,Hong Kong
10000237,OUR MEDICAL SERVICES LTD.,SAM,Samoa,HKG,Hong Kong
10000238,TECTANE CHINA CORPORATION,SAM,Samoa,CHN,China
10000239,MARLIN GROUP INC.,SAM,Samoa,SYC,Seychelles
10000243,MANY GROUP LIMITED,SAM,Samoa,HKG,Hong Kong
10000240,UBA Capital (Europe) Limited,SAM,Samoa,HKG,Hong Kong
10000241,Yu Yang Industry & Trading Co. Ltd.,SAM,Samoa,HKG,Hong Kong
10000242,RST CORP.,SAM,Samoa,HKG,Hong Kong
10000244,Majestic Capital Limited,SAM,Samoa,HKG,Hong Kong
10000245,NEW ASIA PACIFIC GROUP CO. LTD.,SAM,Samoa,HKG,Hong Kong
10000246,ASIARACK LTD.,SAM,Samoa,HKG,Hong Kong
10000247,PROFIT WORLD LTD.,SAM,Samoa,HKG,Hong Kong
10000248,WORLD UNION INDUSTRIAL CO. LTD.,SAM,Samoa,HKG,Hong Kong
10000249,Sheng Tang International Co. Ltd,SAM,Samoa,HKG,Hong Kong
10000250,ALL-EXTRA TECHNOLOGY CO. LTD.,SAM,Samoa,HKG,Hong Kong
10000251,SKY MOTION HOLDINGS LIMITED,SAM,Samoa,HKG,Hong Kong
10000252,HAPPY GOAL DEVELOPMENT LIMITED,SAM,Samoa,HKG,Hong Kong
10000253,Y & S HOLDINGS CO. LTD,SAM,Samoa,HKG,Hong Kong
10000254,WSH TRADING CO.LTD.,SAM,Samoa,HKG,Hong Kong
10000255,WAN FENG INDUSTRIAL LIMITED,SAM,Samoa,HKG,Hong Kong
10000256,Cheer Gen Technology Co.Ltd.,SAM,Samoa,HKG,Hong Kong
10000257,CORNWOOD INTERNATIONAL LIMITED,SAM,Samoa,PAN,Panama
10000258,ULTRA POWER INVESTMENT LIMITED,SAM,Samoa,PAN,Panama
10000287,8886 HOLDING LIMITED,SAM,Samoa,HKG,Hong Kong
10000259,STRONG INTERNATIONAL LIMITED,SAM,Samoa,HKG,Hong Kong
10000260,FULLWORLD INTERNATIONAL CO. LTD.,SAM,Samoa,HKG,Hong Kong
10000261,GANTON S.A.,SAM,Samoa,CHE,Switzerland
10000262,EASYWEALTH DEVELOPMENT LTD.,SAM,Samoa,HKG,Hong Kong
10000263,CHINA SUNRISE INVESTMENT CO. LIMITED,SAM,Samoa,HKG,Hong Kong
10000264,NEWPORT GROUP CORP.,SAM,Samoa,PAN,Panama
10000265,CROSS CONSULTING LTD.,SAM,Samoa,BLZ,Belize
10000266,MOSSACK FONSECA & CO. (SAMOA) LIMITED,SAM,Samoa,PAN,Panama
10000267,BEST GROUP LTD.,SAM,Samoa,HKG,Hong Kong
10000268,HUGH PROFIT LIMITED,SAM,Samoa,PAN,Panama
10000269,LUCINDA ASSOCIATES S.A.,SAM,Samoa,PAN,Panama
10000270,GLOBAL PLAN LIMITED,SAM,Samoa,PAN,Panama
10000271,Network Solution Inc.,SAM,Samoa,HKG,Hong Kong
10000272,WISH INTERNATIONAL LIMITED,SAM,Samoa,PAN,Panama
10000273,POWERFUL ENTERPRISES LIMITED,SAM,Samoa,PAN,Panama
10000274,Winda Co. Ltd.,SAM,Samoa,HKG,Hong Kong
10000275,WING SING INTERNATIONAL CO. LTD.,SAM,Samoa,HKG,Hong Kong
10000276,CONDATORRES LTD.,SAM,Samoa,PAN,Panama
10000277,FULANSON LTD.,SAM,Samoa,PAN,Panama
10000280,OMNIA TECHNOLOGIES S.A.,SAM,Samoa,CHE,Switzerland
10000278,GRAND WALL TRADING CO. LTD.,SAM,Samoa,HKG,Hong Kong
10000279,OMEN Industrial Co. Ltd.,SAM,Samoa,HKG,Hong Kong
10000281,China Star Steel Industrial And Trading Co. Ltd.,SAM,Samoa,HKG,Hong Kong
10000282,QING INTERNATIONAL CORPORATION,SAM,Samoa,HKG,Hong Kong
10000283,CANYEA (HONGKONG) CO. LTD.,SAM,Samoa,HKG,Hong Kong
10000284,Africa Energy Ltd,SAM,Samoa,HKG,Hong Kong
10000285,SHANDONG SHENGTAI WHEEL CO. LTD.,SAM,Samoa,HKG,Hong Kong
10000286,WATERSIDE PROPERTIES LIMITED,SAM,Samoa,GBR,United Kingdom
10000288,HAPPY TRADE LIMITED,SAM,Samoa,PAN,Panama
10000289,GOLDGARMENT COMPANY LIMITED,SAM,Samoa,WSM,Samoa
10000290,Dewburn Enterprises Inc.,SAM,Samoa,PAN,Panama
10000291,AMPLE GAIN LIMITED,SAM,Samoa,PAN,Panama
10000292,GENIUS TRADING LIMITED,SAM,Samoa,PAN,Panama
10000293,KENSTER INVESTMENT LIMITED,SAM,Samoa,HKG,Hong Kong
10000294,CAYENNE TRADING LTD.,SAM,Samoa,WSM,Samoa
10000295,FERRET LIMITED,SAM,Samoa,CHE,Switzerland
10000296,MORLAND HOLDING INC.,SAM,Samoa,CHE,Switzerland
10000382,STEBBINGS INVESTMENTS CORPORATION,PMA,Panama,LUX,Luxembourg
10000383,Mesk 1803 Dubai Limited,SAM,Samoa,ARE,United Arab Emirates
10000297,DUNSTONE INCORPORATED,SAM,Samoa,WSM,Samoa
10000298,BRIGHT CROWN TECHNOLOGY LTD.,SAM,Samoa,HKG,Hong Kong
10000299,WINNING IDEA DEVELOPMENT LIMITED,SAM,Samoa,PAN,Panama
10000300,Jade & Victory Limited,SAM,Samoa,HKG,Hong Kong
10000301,INTERACTIVE MANAGEMENT & CONSULTING LTD.,SAM,Samoa,CHE,Switzerland
10000302,TSIM SHA TSUI INVESTMENT LIMITED,SAM,Samoa,HKG,Hong Kong
10000303,GOLD SOURCE INTERNATIONAL LTD.,SAM,Samoa,HKG,Hong Kong
10000304,CHAMPLE INVESTMENTS LTD.,SAM,Samoa,PAN,Panama
10000305,STRONG FIELD LTD.,SAM,Samoa,PAN,Panama
10000306,KANTALIS LTD.,SAM,Samoa,HKG,Hong Kong
10000307,PROUD RISE LIMITED,SAM,Samoa,HKG,Hong Kong
10000308,MIZUNO THODO CO. LTD.,SAM,Samoa,HKG,Hong Kong
10000309,SUPER IMPORT GROUP LIMITED,SAM,Samoa,HKG,Hong Kong
10000310,ZEST INC.,SAM,Samoa,HKG,Hong Kong
10000311,RONGFENG INTERNATIONAL TRADING CO.LTD,SAM,Samoa,CHN,China
10000312,JADEWIN CONSULTANTS LIMITED,SAM,Samoa,PAN,Panama
10000313,DYNA BUSINESS S.A.,PMA,Panama,JEY,Jersey
10000314,FIRST LEEDS PROPERTIES INC.,PMA,Panama,ESP,Spain
10000315,ARTON ENTERPRISES CORP.,PMA,Panama,PAN,Panama
10000316,FIRST DIRECTORS LIMITED,SAM,Samoa,PAN,Panama
10000317,CHARM HONEST INTERNATIONAL LIMITED,SAM,Samoa,HKG,Hong Kong
10000318,LUCULLUS INVESTMENT CORPORATION,PMA,Panama,GBR,United Kingdom
10000319,SUPREME VIEW DEVELOPMENT LTD.,SAM,Samoa,WSM,Samoa
10000320,SD POLY CO. LTD,SAM,Samoa,HKG,Hong Kong
10000321,ACROSS NATION LIMITED,SAM,Samoa,HKG,Hong Kong
10000322,INDIGO LIMITED,SAM,Samoa,IMN,Isle of Man
10000323,CARLTON OCEAN DEVELOPMENT LIMITED,SAM,Samoa,PAN,Panama
10000324,FULLINK LIMITED,SAM,Samoa,HKG,Hong Kong
10000325,GAIN BRIGHT LTD.,SAM,Samoa,HKG,Hong Kong
10000326,GOLDEN TONE INTERNATIONAL LIMITED,SAM,Samoa,HKG,Hong Kong
10000327,PERFECT WORLD DEVELOPMENT LIMITED,SAM,Samoa,PAN,Panama
10000328,MOSSACK FONSECA & CO. CZECH INC.,SAM,Samoa,WSM,Samoa
10000329,JIN CHENG MINING GROUP CO. LIMITED,SAM,Samoa,HKG,Hong Kong
10000330,QD SEI SHOU TRADING CO.LTD.,SAM,Samoa,HKG,Hong Kong
10000331,ALGA ARCHITECTURE S.A.,SAM,Samoa,CHE,Switzerland
10000332,PINE RICH ENTERPRISES LIMITED,SAM,Samoa,PAN,Panama
10000334,SUNNY POWER LIMITED,SAM,Samoa,TWN,Taiwan
10000335,BALLYDEHOB INC.,PMA,Panama,ESP,Spain
10000336,TOBERMORE INC.,PMA,Panama,ESP,Spain
10000333,CHINA MINING INVESTMENTS HOLDINGS LIMITED,SAM,Samoa,HKG,Hong Kong
10000337,NORTH DALTON INC.,PMA,Panama,ESP,Spain
10000338,WHITBY INC.,PMA,Panama,ESP,Spain
10000340,HOLDERNESS INC.,PMA,Panama,ESP,Spain
10000341,HISSENS LTD.,SAM,Samoa,PAN,Panama
10000342,SHINE OCEAN LIMITED,SAM,Samoa,PAN,Panama
10000343,Mekong Investment Limited,SAM,Samoa,HKG,Hong Kong
10000344,WISE KING INTERNATIONAL LTD.,SAM,Samoa,TWN,Taiwan
10000345,GLOBAL SUCCESS ENTERPRISES LTD.,SAM,Samoa,HKG,Hong Kong
10000346,MAXWELL ENTERPRISES LIMITED,SAM,Samoa,HKG,Hong Kong
10000347,ASIA OCEAN LIMITED,SAM,Samoa,PAN,Panama
10000348,HEATHER TRAIL LIMITED,SAM,Samoa,PAN,Panama
10000349,RAY FORCE HOLDINGS LTD.,SAM,Samoa,HKG,Hong Kong
10000350,RICH SOURCES ENTERPRISES LTD.,SAM,Samoa,HKG,Hong Kong
10000351,GREEN LEAF TECHNOLOGY LIMITED,SAM,Samoa,TWN,Taiwan
10000352,WINS TOP GROUP LTD.,SAM,Samoa,HKG,Hong Kong
10000353,SUNBRIDGE INVESTMENTS LIMITED,SAM,Samoa,HKG,Hong Kong
10000354,FAST PERFECT LIMITED,SAM,Samoa,PAN,Panama
10000381,REDHILL FINANCIAL CORP.,PMA,Panama,LUX,Luxembourg
10000355,GOLDEN PROSPER DEVELOPMENT CO. LTD,SAM,Samoa,HKG,Hong Kong
10000356,MIND INTERNATIONAL GROUP LTD.,SAM,Samoa,HKG,Hong Kong
10000357,MAIN PROFIT INVESTMENT LTD.,SAM,Samoa,PAN,Panama
10000358,CAYENNE HOLDINGS LTD,SAM,Samoa,HKG,Hong Kong
10000359,ANGLO CANADIAN INVESTMENT CORPORATION,PMA,Panama,GGY,Guernsey
10000360,SEACREST CORPORATION,SAM,Samoa,LUX,Luxembourg
10000361,Upper Time Limited,SAM,Samoa,HKG,Hong Kong
10000362,CAPITAL INVESTMENT HOLDINGS INC.,PMA,Panama,JEY,Jersey
10000363,EVIS INTERNATIONAL CO. LIMITED,SAM,Samoa,HKG,Hong Kong
10000364,LEO MARITIME & TRADING CORP.,SAM,Samoa,HKG,Hong Kong
10000365,MOSSACK FONSECA & CO. PANAMA) LTD.,SAM,Samoa,PAN,Panama
10000366,Hoard Global Financial Ltd.,SAM,Samoa,HKG,Hong Kong
10000367,Beifang Metal Trading Limited,SAM,Samoa,HKG,Hong Kong
10000368,SUN FAITH CO. LTD,SAM,Samoa,HKG,Hong Kong
10000369,CATHAY GROUP CORPORATION,PMA,Panama,HKG,Hong Kong
10000370,WHARRICK INTERNATIONAL INC.,PMA,Panama,PAN,Panama
10000371,CIRCLE ROUND HOLDINGS LIMITED,SAM,Samoa,PAN,Panama
10000378,EVER YOUNG GROUP LIMITED,SAM,Samoa,HKG,Hong Kong
10000379,KEIRA ENTERPRISES CORP.,SAM,Samoa,PAN,Panama
10000380,NELSON HOLDINGS LIMITED,SAM,Samoa,PAN,Panama
10000372,Southeast Mariner International Co. Ltd.,SAM,Samoa,CHN,China
10000373,SUNRICH INTERNATIONAL INVESTMENT LIMITED,SAM,Samoa,CHN,China
10000374,BAODE INTERNATIONAL MACHINERY COMPANY LIMITED,SAM,Samoa,CHN,China
10000375,ZHONGYI WOODEN PRODUCTS CO. LTD.,SAM,Samoa,HKG,Hong Kong
10000376,RAG INTERNATIONAL TRADING INC.,PMA,Panama,JEY,Jersey
10000377,UAS FAR EAST LEASING INC.,PMA,Panama,CHE,Switzerland
10000384,Sarah Investment Limited,SAM,Samoa,ARE,United Arab Emirates
10000385,SENSOR INTERNATIONAL INC.,PMA,Panama,BHS,Bahamas
10000386,TRIUMPH HOLDINGS INCORPORATED,PMA,Panama,JOR,Jordan
10000387,CALNE INC.,PMA,Panama,JEY,Jersey
10000388,GILMOUR EQUITIES A.G.,PMA,Panama,LUX,Luxembourg
10000389,ASIA PACIFIC INTERNATIONAL GROUP CORP.,SAM,Samoa,TWN,Taiwan
10000390,Eastwood Holdings Limited,SAM,Samoa,CHE,Switzerland
10000391,PRISMA HOLDINGS LLC,NEV,Nevada,GBR,United Kingdom
10000392,TAIAN HUALI IMPORT&EXPORT TRADE CO. LTD,SAM,Samoa,CHN,China
10000393,CHINA HOLDING MANAGEMENT S.A.,SAM,Samoa,LBN,Lebanon
10000394,SMART INC.,SAM,Samoa,TWN,Taiwan
10000517,DYNAMIC EARTH GROUP LIMITED,SAM,Samoa,TWN,Taiwan
10000518,Selkirk International Ltd.,SAM,Samoa,HKG,Hong Kong
10000395,VILLETTE ASSOCIATES INC.,PMA,Panama,PAN,Panama
10000396,ANTIGUA EQUITIES S.A.,PMA,Panama,PAN,Panama
10000397,TOLUX INC.,PMA,Panama,LUX,Luxembourg
10000399,SANTORINI GROUP LTD.,SAM,Samoa,WSM,Samoa
10000400,KNIGHT ENTERPRISES LIMITED,SAM,Samoa,TWN,Taiwan
10000402,Hanpo Investment Co. Limited,SAM,Samoa,HKG,Hong Kong
10000403,GCM TRADING CO. LTD.,SAM,Samoa,HKG,Hong Kong
10000404,Sowona International Co. Ltd.,SAM,Samoa,HKG,Hong Kong
10000405,SHENGYUAN INTERNATIONAL CO. LTD.,SAM,Samoa,HKG,Hong Kong
10000406,GREEN LINK INTERNATIONAL CORP.,SAM,Samoa,HKG,Hong Kong
10000407,SUNNY EFFORT INTERNATIONAL CO. LTD.,SAM,Samoa,HKG,Hong Kong
10000408,LONGER LIGHTING LIMITED,SAM,Samoa,HKG,Hong Kong
10000409,Elegant House Ware Co. Ltd.,SAM,Samoa,HKG,Hong Kong
10000410,HUIJING TRADING LIMITED,SAM,Samoa,HKG,Hong Kong
10000411,HUMAN DIAGNOSTICS CORPORATION,SAM,Samoa,BRA,Brazil
10000412,ASHDALE LIMITED,SAM,Samoa,GBR,United Kingdom
10000413,SEA WEALTH LIMITED,SAM,Samoa,HKG,Hong Kong
10000414,DRAGON FASHION CO. LTD.,SAM,Samoa,HKG,Hong Kong
10000415,TRYER INTERNATIONAL INC.,SAM,Samoa,HKG,Hong Kong
10000416,GREAT OCEAN LIMITED,SAM,Samoa,HKG,Hong Kong
10000417,Giga Sports Inc,SAM,Samoa,SGP,Singapore
10000418,DRAGON STAR INTERNATIONAL LIMITED,SAM,Samoa,HKG,Hong Kong
10000419,CHINA COAST FREIGHT CO. LTD.,SAM,Samoa,HKG,Hong Kong
10000420,PANGATES INTERNATIONAL CORPORATION LIMITED,SAM,Samoa,ARE,United Arab Emirates
10000421,ACTIVE GROUP LTD.,SAM,Samoa,HKG,Hong Kong
10000422,NINGBO YIHWEI CHEMICALS CO. LTD.,SAM,Samoa,HKG,Hong Kong
10000423,SIYU INTERNATIONAL TRADING CO. LTD.,SAM,Samoa,HKG,Hong Kong
10000424,MIMOSA CONSULTANTS LTD.,SAM,Samoa,HKG,Hong Kong
10000425,YELLOWAY LTD.,SAM,Samoa,CHE,Switzerland
10000426,STONE CANYON CORPORATION,SAM,Samoa,BRA,Brazil
10000427,NEW FRONTIER LIMITED,SAM,Samoa,HKG,Hong Kong
10000428,SILVER TARGET INTERNATIONAL LIMITED,SAM,Samoa,HKG,Hong Kong
10000429,OCEAN SPIRIT INTERNATIONAL LIMITED,SAM,Samoa,HKG,Hong Kong
10000430,JENFORD INVESTMENTS LTD.,SAM,Samoa,HKG,Hong Kong
10000431,MOSSFON SUBSCRIBERS LTD.,SAM,Samoa,PAN,Panama
10000435,JIA WEY COMPANY LTD.,SAM,Samoa,TWN,Taiwan
10000432,GOODSKY LIMITED,SAM,Samoa,HKG,Hong Kong
10000433,SEA LAND INT'L INC.,SAM,Samoa,HKG,Hong Kong
10000434,Intersul Chemical Corporation,SAM,Samoa,HKG,Hong Kong
10000436,FINANCE MANAGEMENT (NOMINEES) LTD.,SAM,Samoa,HKG,Hong Kong
10000437,TONY KEITH ASSOCIATES LIMITED,SAM,Samoa,HKG,Hong Kong
10000438,GLOBAL WEST LTD.,SAM,Samoa,CHE,Switzerland
10000439,Alpha Furnishing Corporation,SAM,Samoa,HKG,Hong Kong
10000440,GAOGMAU INTERNATIONAL INC.,SAM,Samoa,HKG,Hong Kong
10000441,SUGAR AND COMMODITIES LTD.,SAM,Samoa,CHE,Switzerland
10000442,STRATEGIC MANAGEMENT FINANCE ASIA INT LTD,SAM,Samoa,HKG,Hong Kong
10000443,KELLAND CORPORATION,SAM,Samoa,CHE,Switzerland
10000445,UNIGLOBAL CORPORATION LIMITED,SAM,Samoa,ECU,Ecuador
10000446,GREAT CHINA INTERNATIONAL LIMITED,SAM,Samoa,HKG,Hong Kong
10000447,MAC LIMITED,SAM,Samoa,HKG,Hong Kong
10000448,Hawthorn Holdings Ltd.,SAM,Samoa,GBR,United Kingdom
10000449,Acanthus Investments Ltd,SAM,Samoa,GBR,United Kingdom
10000450,MIGA LIMITED,SAM,Samoa,CHE,Switzerland
10000484,WebTop Group Ltd,SAM,Samoa,ISR,Israel
10000511,Decimus Holdings Limited,SAM,Samoa,LIE,Liechtenstein
10000451,RED HILL COMPANY LTD.,SAM,Samoa,GTM,Guatemala
10000452,MICHT FINANCIAL INC.,SAM,Samoa,CHE,Switzerland
10000453,KING INT'L TRADING INC.,SAM,Samoa,HKG,Hong Kong
10000454,NEW SILK ROAD SHIPPING LIMITED,SAM,Samoa,HKG,Hong Kong
10000455,STRATEGIC COMMUNICATION EURO INT LTD,SAM,Samoa,HKG,Hong Kong
10000456,CHIA SHENG INTERNATIONAL LIMITED,SAM,Samoa,TWN,Taiwan
10000457,MCS SERVICES LIMITED,SAM,Samoa,JEY,Jersey
10000458,IC - IMPROVEMENT INC.,SAM,Samoa,BRA,Brazil
10000459,RICHLAKE DEVELOPMENT LTD.,SAM,Samoa,HKG,Hong Kong
10000460,POINT TRADING CO. LTD.,SAM,Samoa,TWN,Taiwan
10000461,DESHON TYRES PTY LTD,SAM,Samoa,HKG,Hong Kong
10000462,GRANDWIN INTERNATIONAL CO. LTD.,SAM,Samoa,HKG,Hong Kong
10000463,KELBY LIMITED,SAM,Samoa,ISR,Israel
10000464,LORIMAR INTERNATIONAL S.A.,SAM,Samoa,PAN,Panama
10000465,POLYMOUNT INTERNATIONAL LTD.,SAM,Samoa,HKG,Hong Kong
10000466,Hellenic International Ltd.,SAM,Samoa,HKG,Hong Kong
10000467,MEGA YIELD INTERNATIONAL CO. LTD.,SAM,Samoa,HKG,Hong Kong
10000479,OSRI TRADING S. A.,PMA,Panama,DEU,Germany
10000480,JARAL PROPERTIES LTD.,SAM,Samoa,CHE,Switzerland
10000483,BUTTERFLY HOLDINGS LIMITED,SAM,Samoa,ISR,Israel
10000468,Qingdao Spark Logistics Appliance Co. Ltd,SAM,Samoa,HKG,Hong Kong
10000469,TOP GROUP LTD.,SAM,Samoa,HKG,Hong Kong
10000470,Kenel Health International Limited,SAM,Samoa,HKG,Hong Kong
10000471,OCEAN WINNER LTD.,SAM,Samoa,HKG,Hong Kong
10000472,ECOPACK INDUSTRIAL LIMITED,SAM,Samoa,HKG,Hong Kong
10000473,XIANG DING INVESTMENT LIMITED,SAM,Samoa,HKG,Hong Kong
10000474,CHEERFUL SMILE LTD.,SAM,Samoa,HKG,Hong Kong
10000475,Clearfield Holdings Ltd.,SAM,Samoa,HKG,Hong Kong
10000476,ACNTR (CHINA) TIRE CO. LTD.,SAM,Samoa,HKG,Hong Kong
10000477,OOO COMPO-TEX CO. LTD.,SAM,Samoa,HKG,Hong Kong
10000478,Southwest Mariner International Co. Ltd.,SAM,Samoa,HKG,Hong Kong
10000481,Hamanda International Ltd,SAM,Samoa,HKG,Hong Kong
10000482,WYNN INTERNATIONAL GROUP CO. LTD,SAM,Samoa,HKG,Hong Kong
10000485,HILTON STAR LIMITED,SAM,Samoa,CHN,China
10000486,COPPER LINK INTERNATIONAL LIMITED,SAM,Samoa,HKG,Hong Kong
10000512,ARTKEYLIVE CO. LTD.,SAM,Samoa,CHN,China
10000514,KINGSTON PROPERTIES INC.,PMA,Panama,ESP,Spain
10000515,FRIDAYTHORPE INC.,PMA,Panama,ESP,Spain
10000487,GLORY WORLD TECHNOLOGIES LIMITED,SAM,Samoa,HKG,Hong Kong
10000488,BROMWICH CORPORATION,SAM,Samoa,MUS,Mauritius
10000489,POLLUX INC.,SAM,Samoa,CHE,Switzerland
10000490,SHINE LEAF CO. LTD,SAM,Samoa,HKG,Hong Kong
10000491,MEI BAO LTD.,SAM,Samoa,HKG,Hong Kong
10000492,SIRASA GROUP S.A.,SAM,Samoa,URY,Uruguay
10000493,BAHIA BLANCA LTD.,SAM,Samoa,AND,Andorra
10000494,WONDERS TECHNOLOGY LIMITED,SAM,Samoa,HKG,Hong Kong
10000495,INTERNATIONAL MOBEL-SELECTION IMS AKTIENGESELLSCHAFT CO. LTD.,SAM,Samoa,HKG,Hong Kong
10000496,WAH FUNG INVESTMENT LTD.,SAM,Samoa,HKG,Hong Kong
10000497,DAIICHI INT'L LTD.,SAM,Samoa,TWN,Taiwan
10000498,MARKSTONE LIMITED,SAM,Samoa,MUS,Mauritius
10000499,PRESTON FINANCIAL LTD.,SAM,Samoa,SYC,Seychelles
10000500,EAST ASIA PALM CO. LTD,SAM,Samoa,HKG,Hong Kong
10000501,ANC-ZHL INTERNATIONAL INC LIMITED,SAM,Samoa,HKG,Hong Kong
10000502,KONNECT LIMITED,SAM,Samoa,IMN,Isle of Man
10000503,STANSON TECHNOLOGY CORP.,SAM,Samoa,TWN,Taiwan
10000508,OPALIA S.A.,SAM,Samoa,CHE,Switzerland
10000509,UNION OCEAN INVESTMENT CO. LTD.,SAM,Samoa,CHN,China
10000504,L&Z INDUSTRY GROUP LIMITED,SAM,Samoa,CHN,China
10000505,BIG BEN LTD.,SAM,Samoa,PAN,Panama
10000506,CONTEX TECHNOLOGY CO. LTD,SAM,Samoa,HKG,Hong Kong
10000507,ECOSERVICE CORP.,SAM,Samoa,GTM,Guatemala
10000510,SOUND FINANCE LIMITED,SAM,Samoa,MUS,Mauritius
10000513,CHIPSUN INTERNATIONAL COMPANY LIMITED,SAM,Samoa,TWN,Taiwan
10000516,MED CORPORATION INC.,SAM,Samoa,WSM,Samoa
10000519,ZELDA INTERNATIONAL HOLDING INC.,SAM,Samoa,WSM,Samoa
10000520,GEEN INTERNATIONAL LTD.,SAM,Samoa,HKG,Hong Kong
10000521,ZHEJIANG CHAOSHENG SHIPPING CO. LTD.,SAM,Samoa,HKG,Hong Kong
10000522,LOK MAN GROUP LIMITED,SAM,Samoa,HKG,Hong Kong
10000523,SOUTH COAST LTD.,SAM,Samoa,HKG,Hong Kong
10000524,AMERICAN PACIFIC INTERNATIONAL S.A.,SAM,Samoa,CHE,Switzerland
10000525,GRAVENE LTD.,SAM,Samoa,ARE,United Arab Emirates
10000526,EASTERN INTERNATIONAL GROUP CO. LTD,SAM,Samoa,HKG,Hong Kong
10000911,JOLLY CITY DEVELOPMENT LIMITED,SAM,Samoa,PAN,Panama
10000912,THE MILLENNIUM CO. LTD.,SAM,Samoa,CHE,Switzerland
10000913,COBER HOLDING INC.,SAM,Samoa,CHE,Switzerland
10000917,CHARTER POWER LIMITED,SAM,Samoa,PAN,Panama
10000527,HONG BO INTERNATIONAL LIMITED,SAM,Samoa,HKG,Hong Kong
10000528,OPAQ LIMITED,SAM,Samoa,HKG,Hong Kong
10000529,RSP CO. LTD,SAM,Samoa,HKG,Hong Kong
10000530,ADVANCE VISION ENTERPRISES LTD.,SAM,Samoa,HKG,Hong Kong
10000531,Ever Rise Engineering Limited,SAM,Samoa,HKG,Hong Kong
10000533,INTERNATIONAL CARPET FINANCE CORPORATION,PMA,Panama,MUS,Mauritius
10000534,SINGAPORE BEARINGS INDUSTRY LTD,SAM,Samoa,HKG,Hong Kong
10000535,SANLON INTERNATIONAL CO.LTD,SAM,Samoa,HKG,Hong Kong
10000536,ALTONA FASHION CORPORATION,PMA,Panama,CHE,Switzerland
10000537,DELNEY S.A.                 -SHELF-,PMA,Panama,CHE,Switzerland
10000538,XURAN INC.,PMA,Panama,GBR,United Kingdom
10000539,CASTLE HOWARD INC.,PMA,Panama,ESP,Spain
10000540,JEBEL ALI CARTON FACTORY INC.,PMA,Panama,ARE,United Arab Emirates
10000541,DAVEST ENTERPRISES S.A.,PMA,Panama,ESP,Spain
10000542,REIGHTON INC.,PMA,Panama,ESP,Spain
10000543,REDCAR INC.,PMA,Panama,ESP,Spain
10000546,WELSER CONSULTANTS S.A.,PMA,Panama,CHE,Switzerland
10000547,WITHERNESEA INC.,PMA,Panama,ESP,Spain
10000549,Rosedale Limited,SAM,Samoa,PAN,Panama
10000544,FREE STYLE INTERNATIONAL CO. LTD.,SAM,Samoa,HKG,Hong Kong
10000545,YUAN HANG INTERNATIONAL LIMITED,SAM,Samoa,HKG,Hong Kong
10000548,WINING LUCK LIMITED,SAM,Samoa,CHN,China
10000550,WHARFE INVESTMENTS INC.,PMA,Panama,ESP,Spain
10000551,CRESTFIELD LIMITED,SAM,Samoa,CHE,Switzerland
10000552,LASER CO. LTD.,SAM,Samoa,HKG,Hong Kong
10000553,YUHENG CO. LTD.,SAM,Samoa,HKG,Hong Kong
10000554,FRUITFUL KING GROUP LTD.,SAM,Samoa,PAN,Panama
10000555,MAX PROFIT DEVELOPMENT LTD.,SAM,Samoa,PAN,Panama
10000556,SHERBURN PROPERTIES INC.,PMA,Panama,ESP,Spain
10000557,BLUEBIRD PROPERTIES INC.,PMA,Panama,ESP,Spain
10000558,NOVAR CAPITAL CORP.,SAM,Samoa,BLZ,Belize
10000559,MJB WOOD GROUP INC.,SAM,Samoa,HKG,Hong Kong
10000560,BEST CHOICE GROUP LTD.,SAM,Samoa,HKG,Hong Kong
10000561,GOLDEN BAY LIMITED,SAM,Samoa,PAN,Panama
10000562,WINTERWOOD HOLDING INC.,PMA,Panama,ESP,Spain
10000563,JANELLE HOLDING INC.,PMA,Panama,ESP,Spain
10000564,PRISMA INC,SAM,Samoa,JEY,Jersey
10000565,BLUE STONE CORPORATION LIMITED,SAM,Samoa,CHE,Switzerland
10000566,MENDELSON INTERNATIONAL LTD.,SAM,Samoa,CHE,Switzerland
10000567,JIACHENG PLASTIC LIMITED,SAM,Samoa,HKG,Hong Kong
10000568,HOME WELL INT'L LTD.,SAM,Samoa,HKG,Hong Kong
10000569,Quantum Global Services Limited,SAM,Samoa,SGP,Singapore
10000570,GOODWELL MANAGEMENT S.A.,SAM,Samoa,BRA,Brazil
10000571,WELL-EE INTERNATIONAL LTD.,SAM,Samoa,HKG,Hong Kong
10000572,FIRST SHAREHOLDERS LIMITED,SAM,Samoa,PAN,Panama
10000573,NEWSCOTT INVESTMENTS LIMITED,SAM,Samoa,CHE,Switzerland
10000574,UKS SERVICES LTD.,SAM,Samoa,CHE,Switzerland
10000575,SOUTHGATE ESTATES S.A.,PMA,Panama,CYP,Cyprus
10000576,PACALMAR INVESTMENTS S.A.,PMA,Panama,LIE,Liechtenstein
10000577,SOLITUDE LTD.,SAM,Samoa,JEY,Jersey
10000578,Greentech Development Co. Ltd.,SAM,Samoa,HKG,Hong Kong
10000579,VOSTOK-MORE CO. LTD,SAM,Samoa,HKG,Hong Kong
10000580,GRANARIS LLP,UK,United Kingdom,GBR,United Kingdom
10000581,BARNES & MILES LTD.,UK,United Kingdom,GBR,United Kingdom
10000582,EASTCHEM INTERNATIONAL LIMITED,SAM,Samoa,HKG,Hong Kong
10000583,DENWOOD LIMITED,SAM,Samoa,HKG,Hong Kong
10000584,CRIE LLP,UK,United Kingdom,GBR,United Kingdom
10000585,HUNBORTON LLP,UK,United Kingdom,COL,Colombia
10000588,DANA INTERNATIONAL HOLDINGS INC.,PMA,Panama,GBR,United Kingdom
10000586,WELLSHORE INVESTMENTS LIMITED,SAM,Samoa,HKG,Hong Kong
10000587,NEWLIFE LTD,SAM,Samoa,HKG,Hong Kong
10000589,HOWDEN ENTERPRISES INC.,PMA,Panama,LUX,Luxembourg
10000590,NESTON ENTERPRISES INC.,PMA,Panama,LUX,Luxembourg
10000591,INDUSTRIAL PROJECTS & MANAGEMENT CONSULTANTS INC.,PMA,Panama,GGY,Guernsey
10000592,BOWEN INVESTMENT LIMITED,SAM,Samoa,HKG,Hong Kong
10000593,HEATHLEY CORPORATION,SAM,Samoa,GBR,United Kingdom
10000594,GRAND PATTERN GROUP LIMITED,SAM,Samoa,HKG,Hong Kong
10000595,ROCKMAUI WEAR CO. LTD.,SAM,Samoa,HKG,Hong Kong
10000596,Ningbo Everwin Int'l Co. Ltd.,SAM,Samoa,HKG,Hong Kong
10000597,GENERAL MERCHANDISE (GROUP) CORP. LTD.,SAM,Samoa,HKG,Hong Kong
10000598,NINGBO SUNLIT MACHINERY & EQUIPMENT CO. LTD.,SAM,Samoa,HKG,Hong Kong
10000599,JIADUOMEI JEWELRY (HONGKONG) LIMITED,SAM,Samoa,HKG,Hong Kong
10000600,DON CERO INDUSTRIAL INC.,SAM,Samoa,HKG,Hong Kong
10000601,SUNLONG IND. & TRADE CO. LTD.,SAM,Samoa,HKG,Hong Kong
10000627,Access Group International Limited,SAM,Samoa,GBR,United Kingdom
10000631,HOLOCK INVESTMENT INC.,SAM,Samoa,TWN,Taiwan
10000634,GOLDEN MASS INVESTMENT LIMITED,SAM,Samoa,HKG,Hong Kong
10000602,SINALEC INVESTMENT & TRADING CO. LTD.,SAM,Samoa,HKG,Hong Kong
10000603,PHINIKKO LUGGAGE (MANUFACTURER) CO. LTD.,SAM,Samoa,HKG,Hong Kong
10000604,VANCE CORPORATION,SAM,Samoa,WSM,Samoa
10000605,TYPHOON EXPLORER LTD.,SAM,Samoa,WSM,Samoa
10000606,SUNSHINE OCEAN DEVELOPMENT LTD.,SAM,Samoa,HKG,Hong Kong
10000607,China Minerals Overseas Investment Group Ltd,SAM,Samoa,HKG,Hong Kong
10000608,Star Moon Investment Group Limited,SAM,Samoa,HKG,Hong Kong
10000609,MORGAN EQUITY INC.,SAM,Samoa,BLZ,Belize
10000610,EASTERN WELL INDUSTRIAL CO. LTD,SAM,Samoa,HKG,Hong Kong
10000611,Jinsun Electronics Co. Ltd.,SAM,Samoa,HKG,Hong Kong
10000612,MFP - MOSSACK FONSECA & PARTNERS CORP.,SAM,Samoa,CHE,Switzerland
10000613,MOSSACK FONSECA & CO (LUGANO) LTD.,SAM,Samoa,CHE,Switzerland
10000614,STARTEX INTERNATIONAL LIMITED,SAM,Samoa,HKG,Hong Kong
10000615,L.L. FORTUNE (HOLDINGS) LIMITED,SAM,Samoa,HKG,Hong Kong
10000616,GOOD IDEA GROUP LTD.,SAM,Samoa,CHN,China
10000617,MABROUK LTD.,SAM,Samoa,CHE,Switzerland
10000620,MYSA LTD.,SAM,Samoa,CHE,Switzerland
10000622,LORI LIMITED,SAM,Samoa,GGY,Guernsey
10000625,GOLANTA LIMITED,SAM,Samoa,TUR,Turkey
10000618,DEBOND LIMITED,SAM,Samoa,HKG,Hong Kong
10000619,Jantex International Limited,SAM,Samoa,HKG,Hong Kong
10000621,SUPER STAR ENTERPRISES LIMITED,SAM,Samoa,CHN,China
10000623,RIDER INTERNATIONAL CO. LTD.,SAM,Samoa,HKG,Hong Kong
10000624,BALMAIN TRADING CORPORATION,SAM,Samoa,BHS,Bahamas
10000626,GLENLE HOLDINGS LIMITED,SAM,Samoa,JEY,Jersey
10000628,Sunbeam Group Company Limited,SAM,Samoa,HKG,Hong Kong
10000629,FORTUNE WOODS LTD,SAM,Samoa,HKG,Hong Kong
10000630,CARSON HOLDINGS LIMITED,SAM,Samoa,WSM,Samoa
10000632,Lok Ning Industrial Co. Ltd.,SAM,Samoa,HKG,Hong Kong
10000633,Global Resources Inc,SAM,Samoa,HKG,Hong Kong
10000635,EUROSHOES FASHION ESTATES LTD.,SAM,Samoa,CHE,Switzerland
10000636,GOLD FINANCE LIMITED,SAM,Samoa,TWN,Taiwan
10000637,Toxie International Limited,SAM,Samoa,HKG,Hong Kong
10000638,FULL SHINE HOLDINGS LTD.,SAM,Samoa,HKG,Hong Kong
10000639,THREE V RUBBER BELT CO. LTD,SAM,Samoa,HKG,Hong Kong
10000680,Global Telecoms Solutions Ltd,SAM,Samoa,IMN,Isle of Man
10000681,Focuspower Investment Inc.,SAM,Samoa,TWN,Taiwan
10000742,GLOBAL BRANDS LIMITED,SAM,Samoa,IMN,Isle of Man
10000640,GOLDMAX UNITED LTD.,SAM,Samoa,HKG,Hong Kong
10000641,A&C LIMITED,SAM,Samoa,HKG,Hong Kong
10000642,SEA KEEN SHIPPING LIMITED,SAM,Samoa,HKG,Hong Kong
10000643,Bangladesh Biman Inc.,SAM,Samoa,HKG,Hong Kong
10000644,FIDENTIA INTERNATIONAL LLP.,UK,United Kingdom,GBR,United Kingdom
10000645,PLATINUM ADVISORS LTD.,SAM,Samoa,IMN,Isle of Man
10000646,OC Management Limited,SAM,Samoa,HKG,Hong Kong
10000647,Great Rise Trading Limited,SAM,Samoa,HKG,Hong Kong
10000648,EURO FINANCE LIMITED,SAM,Samoa,GGY,Guernsey
10000649,MONTELLA IMPORT/EXPORT INC.,SAM,Samoa,GBR,United Kingdom
10000650,Australia H&H International Group Ltd.,SAM,Samoa,HKG,Hong Kong
10000651,ARTS INTERNATIONAL LTD.,SAM,Samoa,HKG,Hong Kong
10000652,FRANSTONE INTERNATIONAL LIMITED,SAM,Samoa,GIB,Gibraltar
10000653,XENON TRADING S.A.,SAM,Samoa,USA,United States
10000654,NATURAL INTERNATIONAL TRADING LIMITED,SAM,Samoa,HKG,Hong Kong
10000655,COSTELA ASSOCIATES INC.,SAM,Samoa,BRA,Brazil
10000656,GOLDEN BREEZE LTD.,SAM,Samoa,HKG,Hong Kong
10000658,GRAMON HILL INVESTMENTS LTD.,SAM,Samoa,ESP,Spain
10000659,BERNGLYN OVERSEAS LIMITED,SAM,Samoa,CHE,Switzerland
10000660,WONDERLAND TRADE AND FINANCE LIMITED,SAM,Samoa,IMN,Isle of Man
10000657,INTERNATIONAL MERCHANTS AND INVESTMENT CO. LTD.,SAM,Samoa,HKG,Hong Kong
10000661,U.S. UNITED LOGISTICS INC.,SAM,Samoa,HKG,Hong Kong
10000662,BROOKSHIRE FINANCIAL GROUP LTD.,SAM,Samoa,BLZ,Belize
10000663,MAIN GROUP LTD.,SAM,Samoa,TWN,Taiwan
10000664,CEDORA CORPORATION LIMITED,SAM,Samoa,IMN,Isle of Man
10000665,NEW CHENGTAI LIGHTING CO. LTD.,SAM,Samoa,TWN,Taiwan
10000666,EAST PEARL HOLDINGS LTD.,SAM,Samoa,HKG,Hong Kong
10000667,SWAV HOLDING LTD.,SAM,Samoa,HKG,Hong Kong
10000668,CHEER EAGLE GROUP LIMITED,SAM,Samoa,HKG,Hong Kong
10000669,WING LUN LIMITED,SAM,Samoa,HKG,Hong Kong
10000670,WALBRAY TRADING LTD.,SAM,Samoa,WSM,Samoa
10000671,KOTI STEEL CO. LTD.,SAM,Samoa,TWN,Taiwan
10000672,KOWEN GROUP LIMITED,SAM,Samoa,HKG,Hong Kong
10000673,OCEAN WISH ENTERPRISES LTD.,SAM,Samoa,HKG,Hong Kong
10000674,WATHERM INTERNATIONAL LIMITED,SAM,Samoa,HKG,Hong Kong
10000675,CHINA POWER INTERNATIONAL GROUP LIMITED,SAM,Samoa,HKG,Hong Kong
10000676,ULMAN CORPORATION,SAM,Samoa,CHE,Switzerland
10000677,CAPITAL GROUP S.A.,SAM,Samoa,MCO,Monaco
10000678,Salton Data Inc.,SAM,Samoa,HKG,Hong Kong
10000679,Future Investment Holdings Limited,SAM,Samoa,IMN,Isle of Man
10000682,PROTON INVESTMENT CORPORATION,SAM,Samoa,ARE,United Arab Emirates
10000683,MILLION OCEAN INTERNATIONAL LIMITED,SAM,Samoa,HKG,Hong Kong
10000684,MILLION WELL LIMITED,SAM,Samoa,HKG,Hong Kong
10000685,Olympia Capital Research Ltd,SAM,Samoa,HKG,Hong Kong
10000686,GOLDEN BRIDGE LIMITED,SAM,Samoa,CHN,China
10000687,NEWROAD APPAREL CO. LTD.,SAM,Samoa,HKG,Hong Kong
10000688,Mingrui (International) Holding Co. Ltd.,SAM,Samoa,HKG,Hong Kong
10000689,EDENSTONE HOLDINGS LTD.,SAM,Samoa,ARE,United Arab Emirates
10000690,CAPGLO LTD.,SAM,Samoa,CHE,Switzerland
10000691,AUSWIN INDUSTRIES LTD.,SAM,Samoa,WSM,Samoa
10000692,NEVA BALT LIMITED,SAM,Samoa,EST,Estonia
10000693,ENRICH MIND LIMITED,SAM,Samoa,HKG,Hong Kong
10000694,NAPP SERVICES LIMITED,SAM,Samoa,CHE,Switzerland
10000695,BUCKINGHAM ELECTRONICS INC:,PMA,Panama,JEY,Jersey
10000696,ZEO INTERNATIONAL CO. LTD.,SAM,Samoa,HKG,Hong Kong
10000697,FINEGIFT INDUSTRIAL CO. LTD.,SAM,Samoa,HKG,Hong Kong
10000700,HARLEY INTERNATIONAL LIMITED,SAM,Samoa,CHE,Switzerland
10000701,FUHKANG INVESTMENT LTD.,SAM,Samoa,WSM,Samoa
10000707,ARAWAK INTERNATIONAL LIMITED,SAM,Samoa,GBR,United Kingdom
10000698,HAMPTON INVESTMENTS LIMITED,SAM,Samoa,BHS,Bahamas
10000699,CALICO LIMITED,SAM,Samoa,BHS,Bahamas
10000702,WELLDONE TECHNOLOGY CO. LIMITED,SAM,Samoa,CHN,China
10000703,UW TECH LIMITED,SAM,Samoa,CHN,China
10000704,YES WELL CORP. LTD.,SAM,Samoa,HKG,Hong Kong
10000705,NEW PLUS ARTS COMPANY LIMITED,SAM,Samoa,HKG,Hong Kong
10000706,Forever Wonderful Trading (HK) Limited,SAM,Samoa,CHN,China
10000708,HARDWARE WORLD LTD.,SAM,Samoa,HKG,Hong Kong
10000709,GRAND INDUSTRIES CO. LTD.,SAM,Samoa,HKG,Hong Kong
10000710,First Limited,SAM,Samoa,HKG,Hong Kong
10000711,DONG HO ACCESSORY LTD.,SAM,Samoa,TWN,Taiwan
10000712,PETROTEK S.A.,SAM,Samoa,CHE,Switzerland
10000713,NA REAL ESTATE FINANCE LTD.,SAM,Samoa,CHE,Switzerland
10000714,TARSAL LIMITED,SAM,Samoa,GGY,Guernsey
10000715,C & Y INVESTMENT CO. LTD,SAM,Samoa,HKG,Hong Kong
10000716,FULLY ALWAYS LIMITED,SAM,Samoa,HKG,Hong Kong
10000739,NASUADA HOLDINGS LTD,SAM,Samoa,CHE,Switzerland
10000740,Super Aqua Holding Co. Limited,SAM,Samoa,HKG,Hong Kong
10000741,UNITED INTERNATIONAL CO. LTD.,SAM,Samoa,TWN,Taiwan
10000717,ASIAN GLOBE TRADING LIMITED,SAM,Samoa,HKG,Hong Kong
10000718,MAIN GAIN INTERNATIONAL LIMITED,SAM,Samoa,TWN,Taiwan
10000719,WAKE TECHNOLOGY DEVELOPMENT INC.,SAM,Samoa,HKG,Hong Kong
10000720,SILVER INTERNATIONAL LIMITED,SAM,Samoa,HKG,Hong Kong
10000721,GAIN BRIGHT INT'L LTD.,SAM,Samoa,TWN,Taiwan
10000722,TOP CHOICE GROUP LIMITED,SAM,Samoa,HKG,Hong Kong
10000723,DEDALO ENGINEERING LTD.,SAM,Samoa,CHE,Switzerland
10000724,THE GOLDIE CORPORATION,SAM,Samoa,WSM,Samoa
10000725,PRESTON CAPITAL LIMITED,SAM,Samoa,CHE,Switzerland
10000726,SQUIRE TRADING INC.,SAM,Samoa,BLZ,Belize
10000727,HILLS LIGHT DEVELOPMENT LIMITED,SAM,Samoa,HKG,Hong Kong
10000728,Tinfinite Technology Co. Ltd,SAM,Samoa,HKG,Hong Kong
10000729,LANSON INDUSTRIAL LIMITED,SAM,Samoa,HKG,Hong Kong
10000730,ECOCOM LTD.,SAM,Samoa,MCO,Monaco
10000731,NEW HORIZONS TRADING CORP.,SAM,Samoa,CHE,Switzerland
10000732,ESINSA S.A.,SAM,Samoa,GBR,United Kingdom
10000733,THE LUXURY CORPORATION,SAM,Samoa,CHE,Switzerland
10000734,VANDERBILT GROUP INC.,SAM,Samoa,WSM,Samoa
10000737,NAULI A.G.,SAM,Samoa,CHE,Switzerland
10000738,PENTAGRAM S.A.,SAM,Samoa,CHE,Switzerland
10000735,MING KEY INVESTMENT LTD.,SAM,Samoa,HKG,Hong Kong
10000736,EVERSTAR BRAKES LTD.,SAM,Samoa,HKG,Hong Kong
10000743,COCHVAR LTD.,SAM,Samoa,ESP,Spain
10000744,CANDOUR MANAGEMENT LTD.,SAM,Samoa,HKG,Hong Kong
10000745,GRAND PACIFIC INTERNATIONAL LTD.,SAM,Samoa,HKG,Hong Kong
10000746,BLUE OCEAN TECH. CO. LTD.,SAM,Samoa,CHN,China
10000747,INTERMEDIA S.A.,SAM,Samoa,CHE,Switzerland
10000748,STRAWBERRY HILL LTD.,SAM,Samoa,ESP,Spain
10000749,UNCAIL FINANCE S.A.,SAM,Samoa,GTM,Guatemala
10000750,ROMA INVESTMENTS INC.,SAM,Samoa,USA,United States
10000751,Bright Shipping Co. Ltd,SAM,Samoa,HKG,Hong Kong
10000752,UNION POWER TECHNOLOGY CO.LTD,SAM,Samoa,HKG,Hong Kong
10000753,SOLLATEK INTERNATIONAL CORP.,SAM,Samoa,ARE,United Arab Emirates
10000754,PAULIN BERTRAND S.A.,SAM,Samoa,CHE,Switzerland
10000755,AVENIR LTD.,SAM,Samoa,CHE,Switzerland
10000756,CORIAL LTD.,SAM,Samoa,ESP,Spain
10000757,MILTON MANAGEMENT LIMITED,SAM,Samoa,ESP,Spain
10000906,DUNE LIMITED,SAM,Samoa,CHE,Switzerland
10000907,EATON CAPITAL AMERICAS INC.,SAM,Samoa,HKG,Hong Kong
10000910,WORLD CHANCE LIMITED,SAM,Samoa,PAN,Panama
10000758,Morgan Holding Ltd,SAM,Samoa,HKG,Hong Kong
10000759,HONGDA GROUP LIMITED,SAM,Samoa,HKG,Hong Kong
10000760,SELECT INVESTMENTS LTD.,SAM,Samoa,HKG,Hong Kong
10000761,WAKELLY BUSINESS INVESTMENT LIMITED,SAM,Samoa,HKG,Hong Kong
10000762,HARRISON INTERNATIONAL LTD.,SAM,Samoa,CHN,China
10000763,Seeker Estate Investment Co. Ltd.,SAM,Samoa,CHN,China
10000764,DAIYO COMPANY LIMITED,SAM,Samoa,TWN,Taiwan
10000765,BEAUTY COLOR TRADE COMPANY LLP,UK,United Kingdom,GBR,United Kingdom
10000766,Ningbo Botai Brass Products Manufacturing Co. Ltd.,SAM,Samoa,HKG,Hong Kong
10000767,Singbell Appliance Co. Ltd.,SAM,Samoa,HKG,Hong Kong
10000768,CHINA UNITY DEVELOPMENT INC.,SAM,Samoa,HKG,Hong Kong
10000769,SMART CAPITAL INTERNATIONAL LIMITED,SAM,Samoa,CHE,Switzerland
10000770,GIANT DRAGON HOLDINGS LTD.,SAM,Samoa,CHN,China
10000771,ARCA INVESTMENTS LIMITED,SAM,Samoa,CHE,Switzerland
10000772,GREENGROW LLP,UK,United Kingdom,PAN,Panama
10000773,OVANO LLP.,UK,United Kingdom,COL,Colombia
10000774,DARAWAY INVESTMENTS LLP.,UK,United Kingdom,GBR,United Kingdom
10000775,FIDECO HOLDING S.A.,PMA,Panama,NIU,Niue
10000776,MATERHORN CORP.,SAM,Samoa,WSM,Samoa
10000778,MERIDIAN MANAGEMENT INC.,PMA,Panama,PAN,Panama
10000777,WORLDWIDE TECHNOLOGIES. COM LTD.,SAM,Samoa,WSM,Samoa
10000779,SHIELD MANAGEMENT INC.,PMA,Panama,PAN,Panama
10000780,FootStar Consultants Ltd,SAM,Samoa,ARE,United Arab Emirates
10000781,SHALINA LIMITED,SAM,Samoa,CHE,Switzerland
10000782,SOFITEC SERVICES S.A.,PMA,Panama,NIU,Niue
10000783,VIOLET ASSOCIATES CORPORATION,PMA,Panama,LUX,Luxembourg
10000784,GLOBAL SATELLITE NETWORK CORP.,SAM,Samoa,WSM,Samoa
10000785,LOTUS FLOWER CORP.,SAM,Samoa,BRA,Brazil
10000786,SEALE PROPERTIES INC.,PMA,Panama,JOR,Jordan
10000787,BALERNO FINANCE COMPANY INC.,PMA,Panama,JOR,Jordan
10000788,Brinkson Limited,SAM,Samoa,PAN,Panama
10000789,HAPPY GALLERY INVESTMENT LIMITED,SAM,Samoa,PAN,Panama
10000790,CENTURY ENERGY GROUP LTD.,SAM,Samoa,HKG,Hong Kong
10000791,WAL-HOUSE INDUSTRIAL CORP.,SAM,Samoa,TWN,Taiwan
10000792,DRAGON YIELD LIMITED,SAM,Samoa,TWN,Taiwan
10000793,GOLDEN JOY LIMITED,SAM,Samoa,TWN,Taiwan
10000794,OMNI TRADING CORPORATION,SAM,Samoa,ECU,Ecuador
10000795,BUZZARD HOLDINGS CORP.,SAM,Samoa,ECU,Ecuador
10000819,ONSUN ENTERPRISES LIMITED,SAM,Samoa,HKG,Hong Kong
10000820,SUNSHINE ENTERPRISES LTD.,SAM,Samoa,HKG,Hong Kong
10000796,HAPPY WEALTH MANAGEMENT INC,SAM,Samoa,HKG,Hong Kong
10000797,NINGBO FREE TRADE ZONE TIANNING CO. LTD.,SAM,Samoa,HKG,Hong Kong
10000798,LAVENDER INTERNATIONAL LIMITED,SAM,Samoa,HKG,Hong Kong
10000799,SKY CITY LIMITED,SAM,Samoa,TWN,Taiwan
10000800,ICE-TV (China) Ltd.,SAM,Samoa,CHN,China
10000801,SAPPHIRE HOLDING LTD.,SAM,Samoa,LBN,Lebanon
10000802,OLVENO INVESTMENTS LTD.,SAM,Samoa,CZE,Czech Republic
10000803,BUSSADA LTD.,SAM,Samoa,CHE,Switzerland
10000804,PGA Holdings Private) Limited,SAM,Samoa,HKG,Hong Kong
10000805,Hk Nanjing Tiankai Fashion Ltd,SAM,Samoa,HKG,Hong Kong
10000806,WONDER LAND INVESTMENT LTD.,SAM,Samoa,PAN,Panama
10000807,Ceder Creek Venture Ltd.,SAM,Samoa,HKG,Hong Kong
10000808,AMAZING INTERNATIONAL CO. LTD.,SAM,Samoa,TWN,Taiwan
10000809,KAIPHONE  COMMUNICATION  CO.  LTD.,SAM,Samoa,TWN,Taiwan
10000810,Camburg Overseas Limited,SAM,Samoa,SYC,Seychelles
10000811,SINO HARVEST INTERNATIONAL LIMITED,SAM,Samoa,HKG,Hong Kong
10000812,Cedar Hill Trading Ltd.,SAM,Samoa,ECU,Ecuador
10000815,NICE COMPANY LIMITED,SAM,Samoa,TWN,Taiwan
10000817,COMEN INTERNATIONAL LIMITED,SAM,Samoa,HKG,Hong Kong
10000818,SERBINA LIMITED,SAM,Samoa,CHE,Switzerland
10000813,HT FOOD CO. LIMITED,SAM,Samoa,HKG,Hong Kong
10000814,Supermagic T.R.D. Co. Ltd.,SAM,Samoa,HKG,Hong Kong
10000816,GREAT WIN TECHNOLOGIES CO. LTD.,SAM,Samoa,TWN,Taiwan
10000821,Powell Industries Ltd.,SAM,Samoa,CHN,China
10000822,GREEN STAR GLOBAL LTD.,SAM,Samoa,HKG,Hong Kong
10000823,Cussom Development Limited,SAM,Samoa,HKG,Hong Kong
10000824,PETERS & CO LTD.,SAM,Samoa,WSM,Samoa
10000825,GASTERA SERVICES LTD.,SAM,Samoa,WSM,Samoa
10000826,PODERINO LIMITED,SAM,Samoa,CHE,Switzerland
10000827,SANDERSON MANAGEMENT CORP.,SAM,Samoa,CHE,Switzerland
10000828,FORT-BENET CORP.,SAM,Samoa,WSM,Samoa
10000829,GLOBAL TECHNOLOGIES. COM LTD.,SAM,Samoa,WSM,Samoa
10000830,PALLISSER & PENDERGAST INC.,SAM,Samoa,WSM,Samoa
10000831,PREVALENT GROUP PTE. LTD.,SGP,Singapore,NLD,Netherlands
10000832,BAYWOOD INTERNATIONAL LIMITED,SAM,Samoa,CYP,Cyprus
10000833,WELL TALENT HOLDINGS LIMITED,SAM,Samoa,HKG,Hong Kong
10000834,SEA BLUE GROUP LIMITED,SAM,Samoa,HKG,Hong Kong
10000899,DESMOND TRADING LIMITED,SAM,Samoa,CHE,Switzerland
10000905,FISHNET INTERNATIONAL INC.,SAM,Samoa,BRA,Brazil
10000835,AMASINO CEMENTOS LTD,SAM,Samoa,HKG,Hong Kong
10000836,FULL RIGHT INTERNATIONAL LTD.,SAM,Samoa,CHN,China
10000837,LEGAL AND FINANCIAL SERVICES LTD.,SAM,Samoa,CHE,Switzerland
10000838,BREDA B.V.,SAM,Samoa,CHE,Switzerland
10000839,GOOD TOP ENTERPRISES LTD.,SAM,Samoa,HKG,Hong Kong
10000840,BOLAI INTERNATIONAL LTD.,SAM,Samoa,HKG,Hong Kong
10000841,Element Eight Consulting Ltd.,SAM,Samoa,HKG,Hong Kong
10000842,GOOD CHOICE ENTERPRISES LTD.,SAM,Samoa,PAN,Panama
10000843,MTWC LIMITED,SAM,Samoa,CHN,China
10000844,Century Enterprise Corporation,SAM,Samoa,ECU,Ecuador
10000845,GLOUCESTER INCORPORATION,SAM,Samoa,WSM,Samoa
10000846,ASIAN EDUCATIONAL CONSULTANTS LIMITED,SAM,Samoa,HKG,Hong Kong
10000847,KAIDILE INTERNATIONAL COMPANY LIMITED,SAM,Samoa,CHN,China
10000848,FULASA Corp.,SAM,Samoa,ECU,Ecuador
10000849,WELL LUCK INTERNATIONAL LIMITED,SAM,Samoa,PAN,Panama
10000850,GLAMOROUS GROUP LIMITED,SAM,Samoa,PAN,Panama
10000851,SUNLINE GROUP LTD.,SAM,Samoa,HKG,Hong Kong
10000852,ON Capital LE Management Limited,SAM,Samoa,HKG,Hong Kong
10000854,ON Capital JRS Management Limited,SAM,Samoa,HKG,Hong Kong
10000855,MEGA GAIN ENTERPRISES LTD.,SAM,Samoa,PAN,Panama
10000853,High Fashion Group Co. Limited,SAM,Samoa,HKG,Hong Kong
10000856,HILLSBERRY INC.,PMA,Panama,GBR,United Kingdom
10000857,BEST WORLD INVESTMENTS LIMITED,SAM,Samoa,HKG,Hong Kong
10000858,W.L. - WINFORP LTD.,SAM,Samoa,CHE,Switzerland
10000859,TRANSIT ELECTRICAL AND MACHINERY GOODS TRADING LTD.,SAM,Samoa,HKG,Hong Kong
10000860,RABONG ENTERPRISES LTD.,SAM,Samoa,HKG,Hong Kong
10000861,GRACEFUL TONE LTD.,SAM,Samoa,PAN,Panama
10000862,PRISTINE HOLDINGS LTD.,SAM,Samoa,HKG,Hong Kong
10000863,MONTEBELLO FINANCE LTD.,SAM,Samoa,CHN,China
10000864,BEST INFORMATION INTERNATIONAL LTD.,SAM,Samoa,CHN,China
10000865,THALGO SUPERSPA MIDDLE EAST S.A.,SAM,Samoa,PAN,Panama
10000866,RAY FULL ENTERPRISES LIMITED,SAM,Samoa,PAN,Panama
10000867,LEGEND OCEANIA GS HOLDING LIMITED,SAM,Samoa,HKG,Hong Kong
10000868,EVERGREAT INTERNATIONAL LTD.,SAM,Samoa,HKG,Hong Kong
10000869,KINGFAIR HOLDINGS LTD.,SAM,Samoa,CHN,China
10000870,NEWLAND DEVELOPMENT LIMITED,SAM,Samoa,CHN,China
10000871,BRIGHT MAX INTERNATIONAL CORPORATION,SAM,Samoa,TWN,Taiwan
10000872,CRADLE TRADING LIMITED,SAM,Samoa,PAN,Panama
10000898,GOLDFIELD INVESTMENT LIMITED,SAM,Samoa,HKG,Hong Kong
10000873,EURALYS CO. LTD.,SAM,Samoa,HKG,Hong Kong
10000874,GALEON CO. LTD.,SAM,Samoa,HKG,Hong Kong
10000875,YANTEI GROUP LTD.,SAM,Samoa,WSM,Samoa
10000876,ERALCO LTD.,SAM,Samoa,GTM,Guatemala
10000877,Asia Medical Investment International Ltd.,SAM,Samoa,HKG,Hong Kong
10000878,WELLFULL HOLDINGS LIMITED,SAM,Samoa,HKG,Hong Kong
10000879,ISUS INTERNATIONAL CORPORATION,SAM,Samoa,PAN,Panama
10000880,ROSELINE HOLDING INC.,SAM,Samoa,PAN,Panama
10000881,MAYFAIR INVESTMENTS LTD.,SAM,Samoa,LBN,Lebanon
10000882,MARISO CORP.,SAM,Samoa,CHN,China
10000883,BEST DREAM INTERNATIONAL LIMITED,SAM,Samoa,HKG,Hong Kong
10000884,NERKA CO. LTD,SAM,Samoa,HKG,Hong Kong
10000885,ALPHA WHOLESALE LTD,SAM,Samoa,GBR,United Kingdom
10000886,DESARROLLOS DEL ATLANTICO LIMITED,SAM,Samoa,GTM,Guatemala
10000887,ASTOR TRADING LIMITED,SAM,Samoa,CHE,Switzerland
10000888,TESCO INVESTMENT LIMITED,SAM,Samoa,TWN,Taiwan
10000889,SINGATEC INTERNATIONAL CO. LTD.,SAM,Samoa,TWN,Taiwan
10000892,ABERNATY LIMITED,SAM,Samoa,CHE,Switzerland
10000893,DRAGON LINK GROUP LTD.,SAM,Samoa,HKG,Hong Kong
10000894,BARLING INTERNATIONAL LIMITED,SAM,Samoa,CHN,China
10000890,BAO LI INVESTMENTS LTD.,SAM,Samoa,HKG,Hong Kong
10000891,GOLD STRENGTH INDUSTRY CO. LTD,SAM,Samoa,HKG,Hong Kong
10000895,UNIVERSAL BONANZA COMPANY LIMITED,SAM,Samoa,TWN,Taiwan
10000896,NINGBO YONGFA INTERNATIONAL HOLDING CORP.,SAM,Samoa,HKG,Hong Kong
10000897,ELLE INTERNATIONAL LIMITED,SAM,Samoa,HKG,Hong Kong
10000900,TENDERS G&M CO.LTD.,SAM,Samoa,HKG,Hong Kong
10000901,HOMSQUARE ENTERPRISES LIMITED,SAM,Samoa,HKG,Hong Kong
10000902,TARGET INTERLINK COMPANY LIMITED,SAM,Samoa,HKG,Hong Kong
10000903,TUDOR INVESTMENTS LIMITED,SAM,Samoa,HKG,Hong Kong
10000904,TALENTI CO. LTD.,SAM,Samoa,HKG,Hong Kong
10000908,HIMAC INDUSTRIAL CO. LTD.,SAM,Samoa,HKG,Hong Kong
10000909,1889 GARDINER LTD.,SAM,Samoa,WSM,Samoa
10000914,GOLD INTERNATIONAL LTD,SAM,Samoa,CHN,China
10000915,VAST BASE INTERNATIONAL LTD.,SAM,Samoa,HKG,Hong Kong
10000916,MARUOKA FOODS CO.LTD,SAM,Samoa,HKG,Hong Kong
10000918,SINOGATE LIMITED,SAM,Samoa,HKG,Hong Kong
10000940,BRIGHT ENTERPRISES LIMITED,SAM,Samoa,PAN,Panama
10000941,KIN HING ENTERPRISES LIMITED,SAM,Samoa,PAN,Panama
10001977,DISTRIMED LIMITED,SAM,Samoa,CHE,Switzerland
10000919,ROCKBIRD INDUSTRIAL DEVELOPMENT (GROUP) CO.LTD,SAM,Samoa,HKG,Hong Kong
10000920,STRENGTH ENTERPRISES LIMITED,SAM,Samoa,HKG,Hong Kong
10000921,Rosina Limited,SAM,Samoa,LIE,Liechtenstein
10000922,LATWOOD INVESTMENTS LIMITED,SAM,Samoa,CHE,Switzerland
10000923,TUCANO S A,SAM,Samoa,CHE,Switzerland
10000924,KOGEE CO. LTD.,SAM,Samoa,TWN,Taiwan
10000925,WANFORD LOGISTICS LTD.,SAM,Samoa,CHE,Switzerland
10000926,NICE INTERNATIONAL LIMITED,SAM,Samoa,PAN,Panama
10000927,PEARL LEGEND INTERNATIONAL LIMITED,SAM,Samoa,PAN,Panama
10000928,Hangzhou Nature optical electric co. ltd,SAM,Samoa,HKG,Hong Kong
10000929,GOLD TALENT GROUP LIMITED,SAM,Samoa,HKG,Hong Kong
10000930,UNITED ALISSON LTD.,SAM,Samoa,CHE,Switzerland
10000931,SHERWOOD LTD.,SAM,Samoa,CHE,Switzerland
10000932,AURAPH LTD.,SAM,Samoa,CHE,Switzerland
10000933,WINNER PARADISE GROUP LIMITED,SAM,Samoa,PAN,Panama
10000934,CHINA TOP GROUP LTD.,SAM,Samoa,PAN,Panama
10000935,KARISE LIMITED,SAM,Samoa,GBR,United Kingdom
10000936,APPLICATIONS SYSTEMIQUES LIMITED,SAM,Samoa,CHE,Switzerland
10000937,Somelia Ltd.,SAM,Samoa,LIE,Liechtenstein
10000938,RICH HOST ENTERPRISES LIMITED,SAM,Samoa,HKG,Hong Kong
10000939,LEGEND ASIA GROUP LTD.,SAM,Samoa,HKG,Hong Kong
10000942,TAYOHYA HOLDING GROUP LTD,SAM,Samoa,HKG,Hong Kong
10000943,MJM MAGNETICS INC.,SAM,Samoa,HKG,Hong Kong
10000944,STAR BRIDGE GROUP LIMITED,SAM,Samoa,HKG,Hong Kong
10000945,MACY ENTERPRISES LIMITED,SAM,Samoa,HKG,Hong Kong
10000946,LINKA CORPORATION LTD.,SAM,Samoa,PAN,Panama
10000947,BULFORD INVESTMENT LIMITED,SAM,Samoa,HKG,Hong Kong
10000948,Burgeon International Limited,SAM,Samoa,HKG,Hong Kong
10000949,BMA INVESTMENTS S.A.,SAM,Samoa,CHE,Switzerland
10000950,MORNINGTON CORP.,SAM,Samoa,PAN,Panama
10000951,LENER INVEST INC.,SAM,Samoa,WSM,Samoa
10000952,KNIGHT LIMITED,SAM,Samoa,HKG,Hong Kong
10000953,BOREALIS LIMITED,SAM,Samoa,PAN,Panama
10000954,TICTOM CORP.,SAM,Samoa,WSM,Samoa
10000955,ALB TRADING COMPANY LIMITED,SAM,Samoa,HKG,Hong Kong
10000956,ALFRED LIMITED,SAM,Samoa,WSM,Samoa
10000957,MILLAU INC.,SAM,Samoa,PAN,Panama
10000958,VADER CORPORATION,SAM,Samoa,PAN,Panama
10000959,PRAGUE LTD.,SAM,Samoa,PAN,Panama
10000962,SINO BOOM LIMITED,SAM,Samoa,PAN,Panama
10000963,PROFIT MOORE MANAGEMENT LTD.,SAM,Samoa,PAN,Panama
10000960,DNP International Co. Inc.,SAM,Samoa,HKG,Hong Kong
10000961,Fluorine Industrial Co. Ltd.,SAM,Samoa,HKG,Hong Kong
10000964,FANTASY JADE INTERNATIONAL LTD.,SAM,Samoa,PAN,Panama
10000965,HENWEI INDUSTRIAL CO. LTD.,SAM,Samoa,HKG,Hong Kong
10000966,Runyes Group Ltd.,SAM,Samoa,HKG,Hong Kong
10000967,ANCLAS S.A.,SAM,Samoa,CHE,Switzerland
10000968,NEWEL LIMITED,SAM,Samoa,IMN,Isle of Man
10000969,HORUS INTERNATIONAL LTD.,SAM,Samoa,CHE,Switzerland
10000970,CHYI MEANG MACHINERY CO. LTD.,SAM,Samoa,TWN,Taiwan
10000971,ASIALINK HOLIDAYS LTD.,SAM,Samoa,SGP,Singapore
10000972,TOP ONE LIMITED,SAM,Samoa,TWN,Taiwan
10000973,ATLAS INVESTMENTS LTD.,SAM,Samoa,WSM,Samoa
10000974,Internacional de Inversiones INVERLATIN S.A.,SAM,Samoa,ECU,Ecuador
10000975,JACKMAN INVESTMENTS LIMITED,SAM,Samoa,IRL,Ireland
10000976,Phoebus Investment Co. Ltd.,SAM,Samoa,CHN,China
10000977,WEALTHY FAITH GROUP LTD.,SAM,Samoa,PAN,Panama
10000978,ROOTS INVESTMENTS LTD.,SAM,Samoa,CHE,Switzerland
10000979,Ming Instrument Technology Co. Ltd.,SAM,Samoa,TWN,Taiwan
10000980,BLUE SEA TECHNOLOGY LTD.,SAM,Samoa,TWN,Taiwan
10000981,SINOWAY GRANITE INC.,SAM,Samoa,HKG,Hong Kong
10000982,Hi-Tech Machinery International Co. Ltd,SAM,Samoa,HKG,Hong Kong
10000983,HUNGARIAN REAL ESTATE INVESTMENTS LTD.,SAM,Samoa,HUN,Hungary
10000984,HARLEY BROTHERS INC.,SAM,Samoa,ESP,Spain
10000985,PEREGRINE INTERNATIONAL LTD.,SAM,Samoa,CHE,Switzerland
10000986,SEAWAVE HOLDING LIMITED,SAM,Samoa,CHE,Switzerland
10000987,Euroasian Air Service Inc.,SAM,Samoa,ARE,United Arab Emirates
10000988,LONGFIELD DEVELOPMENTS LIMITED,SAM,Samoa,BHS,Bahamas
10000989,Matchpoint Inc.,SAM,Samoa,TWN,Taiwan
10000990,EMERALD TIGER LIMITED,SAM,Samoa,HKG,Hong Kong
10000991,FULLAND GROUP LIMITED,SAM,Samoa,HKG,Hong Kong
10000992,Safety Device International Limited,SAM,Samoa,HKG,Hong Kong
10000993,TK TIRES LTD,SAM,Samoa,HKG,Hong Kong
10000994,KESWICK HOLDINGS LIMITED,SAM,Samoa,IRL,Ireland
10000995,MONAR HOLDING LTD.,SAM,Samoa,ECU,Ecuador
10000996,POLYHOLDING CORP.,SAM,Samoa,CHE,Switzerland
10000997,BRENTWOOD PACIFIC LTD.,SAM,Samoa,SGP,Singapore
10000998,GRANGEHURST SERVICES LTD.,SAM,Samoa,GGY,Guernsey
10000999,BLUEBIRD ENTERPRISES LIMITED,SAM,Samoa,TWN,Taiwan
10001000,ALBERT INTERNATIONAL CO. LTD.,SAM,Samoa,TWN,Taiwan
10001005,BLUEDERMANN LTD.,SAM,Samoa,CHE,Switzerland
10001001,BRYSTEL PROPERTIES LTD.,SAM,Samoa,GTM,Guatemala
10001002,SUNGOD INTERNATIONAL GROUP COMPANY LIMITED,SAM,Samoa,HKG,Hong Kong
